epoch,time,train/box_loss,train/cls_loss,train/dfl_loss,metrics/precision(B),metrics/recall(B),metrics/mAP50(B),metrics/mAP50-95(B),val/box_loss,val/cls_loss,val/dfl_loss,lr/pg0,lr/pg1,lr/pg2
1,17.8795,1.12849,3.77884,1.38719,0.00274,0.65385,0.25973,0.18936,0.75221,4.02399,1.11161,0.0013,0.0013,0.0883
2,22.1044,0.8391,2.63968,1.09456,1,0.47668,0.65673,0.54002,0.74965,2.7101,1.04221,0.00267773,0.00267773,0.0756777
3,26.217,0.80972,1.67108,1.06207,1,0.02557,0.77745,0.58976,0.77844,2.64636,1.05804,0.00403235,0.00403235,0.0630324
4,30.2872,0.89155,1.34454,1.08705,1,0.35754,0.83145,0.61717,0.87294,2.32753,1.08233,0.00536387,0.00536387,0.0503639
5,34.2833,0.87548,1.20222,1.08617,0.5492,0.26923,0.3668,0.19149,1.03364,2.56151,1.23463,0.0066723,0.0066723,0.0376723
6,38.5061,0.88126,1.13497,1.0964,0.95299,0.77976,0.86446,0.59363,1.06275,1.71598,1.22517,0.00795762,0.00795762,0.0249576
7,42.5697,0.90504,1.14104,1.12659,0.76343,0.44872,0.50905,0.36852,0.98077,2.06306,1.19939,0.00921985,0.00921985,0.0122199
8,46.4523,0.90955,1.07949,1.12257,0.73664,0.70513,0.76306,0.58905,0.92473,1.29014,1.16289,0.0094225,0.0094225,0.0094225
9,50.4471,0.91778,0.96381,1.10797,0.84213,0.71795,0.77645,0.54147,1.02203,1.25805,1.27764,0.00934,0.00934,0.00934
10,54.4157,0.88378,0.91301,1.08915,0.81047,0.76753,0.79715,0.58799,0.9439,1.18402,1.20351,0.0092575,0.0092575,0.0092575
11,58.5354,0.89689,0.92812,1.09742,0.91246,0.80183,0.85658,0.6305,0.98998,0.97954,1.22248,0.009175,0.009175,0.009175
12,62.5739,0.92619,0.89694,1.09798,0.94106,0.84615,0.88441,0.6459,0.94935,1.2086,1.20136,0.0090925,0.0090925,0.0090925
13,66.4746,0.87759,0.89885,1.09601,0.68498,0.5576,0.62533,0.41085,1.06751,2.29224,1.3879,0.00901,0.00901,0.00901
14,70.5299,0.82847,0.85265,1.04725,0.81752,0.78205,0.78477,0.55098,0.91075,1.56141,1.21398,0.0089275,0.0089275,0.0089275
15,74.3483,0.851,0.81152,1.08673,0.83783,0.83333,0.84219,0.61209,0.9733,1.28838,1.26471,0.008845,0.008845,0.008845
16,78.1376,0.849,0.80895,1.07422,0.8187,0.78205,0.80492,0.59185,0.88826,1.38155,1.21141,0.0087625,0.0087625,0.0087625
17,82.1805,0.84862,0.78795,1.09025,0.8712,0.83333,0.87716,0.66687,0.8158,0.80436,1.13178,0.00868,0.00868,0.00868
18,86.1928,0.83952,0.7479,1.08751,0.93029,0.85544,0.89114,0.67091,0.86074,0.76202,1.14224,0.0085975,0.0085975,0.0085975
19,90.0778,0.84663,0.74072,1.05121,0.85624,0.75641,0.80996,0.60429,0.88016,0.92436,1.19417,0.008515,0.008515,0.008515
20,94.0668,0.78735,0.73901,1.04415,0.90787,0.82051,0.85807,0.62356,0.93721,0.95617,1.22002,0.0084325,0.0084325,0.0084325
21,98.058,0.85754,0.75972,1.0385,0.92725,0.84615,0.88024,0.63805,0.94976,0.9453,1.24409,0.00835,0.00835,0.00835
22,102.173,0.8452,0.7062,1.07213,0.93345,0.88462,0.91055,0.68654,0.89178,0.64825,1.16492,0.0082675,0.0082675,0.0082675
23,106.061,0.798,0.69092,1.03997,0.97296,0.87179,0.92185,0.6976,0.89424,0.64548,1.19567,0.008185,0.008185,0.008185
24,110.003,0.76361,0.64485,1.03195,0.90653,0.85897,0.91544,0.69761,0.87242,0.72316,1.18172,0.0081025,0.0081025,0.0081025
25,113.918,0.75773,0.63869,1.07839,0.9189,0.87156,0.89487,0.68869,0.85807,0.66396,1.16361,0.00802,0.00802,0.00802
26,117.787,0.79582,0.64896,1.03087,0.93094,0.69129,0.77522,0.58165,0.98969,0.96,1.22356,0.0079375,0.0079375,0.0079375
27,121.8,0.75466,0.61314,1.04049,0.9379,0.82051,0.85473,0.66468,0.89978,0.77534,1.16373,0.007855,0.007855,0.007855
28,125.704,0.80436,0.64243,1.04898,0.876,0.81518,0.85297,0.66715,0.86324,0.74591,1.13467,0.0077725,0.0077725,0.0077725
29,129.621,0.78766,0.63524,1.03771,0.93682,0.80769,0.85193,0.64656,0.90986,0.7282,1.18703,0.00769,0.00769,0.00769
30,133.5,0.76413,0.60049,1.00566,0.97954,0.80769,0.86759,0.67031,0.85872,0.66777,1.13496,0.0076075,0.0076075,0.0076075
31,137.304,0.72575,0.58306,1.01169,0.96482,0.82051,0.8854,0.68807,0.79994,0.62997,1.10329,0.007525,0.007525,0.007525
32,141.24,0.75349,0.59842,1.01913,0.98117,0.80769,0.89221,0.68974,0.80249,0.61048,1.1409,0.0074425,0.0074425,0.0074425
33,145.122,0.77396,0.60699,1.01643,0.97094,0.85675,0.89717,0.66322,0.88556,0.64423,1.16424,0.00736,0.00736,0.00736
34,149.054,0.78038,0.59713,1.04634,1,0.80397,0.92568,0.70892,0.8297,0.64251,1.11421,0.0072775,0.0072775,0.0072775
35,152.977,0.75251,0.56724,1.02625,0.93693,0.84615,0.91212,0.7105,0.81846,0.65465,1.11764,0.007195,0.007195,0.007195
36,156.906,0.71903,0.54438,1.01275,0.97879,0.79487,0.9044,0.67925,0.88045,0.67467,1.16244,0.0071125,0.0071125,0.0071125
37,160.753,0.73975,0.58652,1.03233,0.95767,0.87015,0.9129,0.68626,0.8617,0.62388,1.17372,0.00703,0.00703,0.00703
38,164.7,0.73669,0.55877,1.0213,0.91263,0.80358,0.8608,0.67318,0.81284,0.7147,1.1368,0.0069475,0.0069475,0.0069475
39,168.588,0.71351,0.54814,1.00758,0.92182,0.90706,0.91335,0.68592,0.8281,0.61184,1.18066,0.006865,0.006865,0.006865
40,172.628,0.69226,0.51948,1.00972,0.93289,0.82051,0.90924,0.68838,0.86005,0.63271,1.1563,0.0067825,0.0067825,0.0067825
41,176.653,0.71643,0.53119,1.01226,0.94423,0.86831,0.92046,0.70597,0.85245,0.59891,1.13027,0.0067,0.0067,0.0067
42,180.635,0.71508,0.52712,0.98696,0.9559,0.87179,0.90481,0.69258,0.85871,0.56349,1.12125,0.0066175,0.0066175,0.0066175
43,184.56,0.6984,0.52489,1.02795,0.92065,0.87179,0.92089,0.67434,0.93323,0.56188,1.15299,0.006535,0.006535,0.006535
44,188.478,0.68358,0.51449,0.98926,0.95698,0.88462,0.9379,0.6944,0.862,0.56105,1.12386,0.0064525,0.0064525,0.0064525
45,192.462,0.67317,0.51907,0.99979,0.97243,0.90433,0.92214,0.7332,0.81385,0.55977,1.12494,0.00637,0.00637,0.00637
46,196.567,0.69605,0.51393,0.99141,0.92195,0.90864,0.93097,0.72143,0.8293,0.53005,1.14778,0.0062875,0.0062875,0.0062875
47,200.525,0.64308,0.49964,0.98165,0.9844,0.83333,0.9194,0.71232,0.8026,0.53069,1.12591,0.006205,0.006205,0.006205
48,204.512,0.65652,0.5132,0.97451,0.93353,0.90029,0.9234,0.732,0.77776,0.54972,1.09572,0.0061225,0.0061225,0.0061225
49,208.397,0.68032,0.49487,0.98109,0.93377,0.90379,0.91914,0.72238,0.78599,0.53665,1.09706,0.00604,0.00604,0.00604
50,212.356,0.66521,0.48911,0.96713,0.96991,0.88462,0.92768,0.73263,0.7687,0.54727,1.09597,0.0059575,0.0059575,0.0059575
51,216.28,0.65625,0.47723,1.00224,0.96921,0.91026,0.94693,0.73547,0.80244,0.51251,1.10599,0.005875,0.005875,0.005875
52,220.159,0.65215,0.46904,0.98572,0.95055,0.87179,0.9331,0.71242,0.8386,0.53523,1.10699,0.0057925,0.0057925,0.0057925
53,224.038,0.6306,0.46792,0.96935,0.94326,0.89744,0.92988,0.70313,0.83923,0.51825,1.08975,0.00571,0.00571,0.00571
54,227.938,0.60556,0.46141,0.95506,0.94305,0.88462,0.93771,0.69871,0.87227,0.53463,1.12276,0.0056275,0.0056275,0.0056275
55,231.832,0.63485,0.47056,0.96533,0.95773,0.89744,0.92641,0.69594,0.85794,0.55525,1.13537,0.005545,0.005545,0.005545
56,235.758,0.59916,0.45779,0.98155,0.96979,0.89744,0.9477,0.73132,0.78633,0.48509,1.10402,0.0054625,0.0054625,0.0054625
57,239.65,0.58803,0.45127,0.96157,0.96885,0.88462,0.94859,0.72435,0.8321,0.5191,1.11884,0.00538,0.00538,0.00538
58,243.61,0.62865,0.45804,0.97072,0.94227,0.91026,0.9471,0.71693,0.81823,0.49299,1.11828,0.0052975,0.0052975,0.0052975
59,247.532,0.59986,0.43669,0.97281,0.91012,0.90875,0.93347,0.72403,0.8093,0.51821,1.12262,0.005215,0.005215,0.005215
60,251.456,0.60598,0.44601,0.95043,0.95833,0.88458,0.93903,0.71944,0.83222,0.52255,1.12034,0.0051325,0.0051325,0.0051325
61,255.424,0.59099,0.45114,0.95845,0.95683,0.88462,0.92412,0.73421,0.80458,0.5128,1.10341,0.00505,0.00505,0.00505
62,259.363,0.62981,0.44993,0.97566,0.97176,0.88462,0.92972,0.71644,0.85716,0.50502,1.13078,0.0049675,0.0049675,0.0049675
63,263.315,0.60219,0.43366,0.94827,0.98032,0.89744,0.9332,0.72152,0.83893,0.48517,1.11983,0.004885,0.004885,0.004885
64,267.198,0.56478,0.41916,0.92734,0.95572,0.89744,0.94229,0.73155,0.80449,0.4878,1.10602,0.0048025,0.0048025,0.0048025
65,270.965,0.56418,0.42544,0.93695,0.98324,0.88462,0.9388,0.73279,0.78105,0.47511,1.09111,0.00472,0.00472,0.00472
66,274.752,0.56895,0.42151,0.94852,0.98233,0.88462,0.92539,0.73798,0.78873,0.50449,1.09474,0.0046375,0.0046375,0.0046375
67,278.515,0.59199,0.42178,0.93373,0.97141,0.8713,0.92206,0.72751,0.77616,0.48824,1.07306,0.004555,0.004555,0.004555
68,282.321,0.54539,0.40914,0.92559,0.96999,0.88462,0.92431,0.74369,0.76994,0.48512,1.07855,0.0044725,0.0044725,0.0044725
69,286.124,0.55168,0.41771,0.93859,0.97683,0.88462,0.93012,0.74236,0.7823,0.49378,1.07783,0.00439,0.00439,0.00439
70,289.957,0.55231,0.41764,0.92392,0.99219,0.89744,0.9339,0.73167,0.78531,0.47233,1.08858,0.0043075,0.0043075,0.0043075
71,293.706,0.55132,0.40872,0.94474,0.96946,0.89744,0.93475,0.72818,0.79231,0.47496,1.0948,0.004225,0.004225,0.004225
72,297.518,0.53786,0.40577,0.93663,0.99865,0.87179,0.9401,0.73088,0.79063,0.48914,1.08791,0.0041425,0.0041425,0.0041425
73,301.291,0.5117,0.39355,0.90981,0.98476,0.87179,0.93941,0.73316,0.75908,0.46545,1.07692,0.00406,0.00406,0.00406
74,305.099,0.54189,0.39649,0.92795,0.98604,0.90532,0.9331,0.73118,0.76447,0.46128,1.07094,0.0039775,0.0039775,0.0039775
75,308.843,0.54117,0.40704,0.9297,0.97217,0.89569,0.93726,0.72839,0.79976,0.47536,1.09558,0.003895,0.003895,0.003895
76,312.581,0.50887,0.37727,0.91447,0.9726,0.91002,0.94242,0.74072,0.7674,0.48569,1.08471,0.0038125,0.0038125,0.0038125
77,316.355,0.55568,0.40314,0.93015,0.9832,0.91026,0.94845,0.73936,0.78578,0.47069,1.07909,0.00373,0.00373,0.00373
78,320.24,0.5296,0.3853,0.91857,0.96958,0.89744,0.94606,0.74437,0.75613,0.4898,1.08895,0.0036475,0.0036475,0.0036475
79,323.995,0.51202,0.38223,0.91832,0.96957,0.89744,0.94092,0.74106,0.79981,0.49302,1.0946,0.003565,0.003565,0.003565
80,327.834,0.5158,0.38975,0.91854,0.9594,0.90886,0.93876,0.72926,0.79185,0.47337,1.08697,0.0034825,0.0034825,0.0034825
81,331.65,0.50579,0.37678,0.91476,0.98607,0.90725,0.95757,0.72142,0.80701,0.47272,1.09599,0.0034,0.0034,0.0034
82,335.427,0.5082,0.37802,0.93513,0.95956,0.91256,0.95115,0.73422,0.78453,0.43527,1.0908,0.0033175,0.0033175,0.0033175
83,339.192,0.51522,0.37529,0.92241,0.97213,0.8945,0.94025,0.7367,0.78552,0.42907,1.09755,0.003235,0.003235,0.003235
84,342.977,0.49355,0.38056,0.91299,0.97275,0.91525,0.96511,0.75188,0.78352,0.42908,1.09348,0.0031525,0.0031525,0.0031525
85,346.763,0.53011,0.37554,0.91861,0.94556,0.9359,0.96417,0.75421,0.8077,0.42171,1.10201,0.00307,0.00307,0.00307
86,350.598,0.4706,0.35909,0.89456,0.98604,0.90557,0.96271,0.74907,0.80271,0.43715,1.11631,0.0029875,0.0029875,0.0029875
87,354.364,0.47735,0.36615,0.92301,0.98116,0.88462,0.96159,0.74551,0.78144,0.44259,1.11831,0.002905,0.002905,0.002905
88,358.173,0.49478,0.35759,0.92369,0.98603,0.90463,0.96368,0.74886,0.78665,0.43675,1.10759,0.0028225,0.0028225,0.0028225
89,361.9,0.47159,0.34653,0.89587,0.96804,0.91026,0.95575,0.76386,0.77161,0.43963,1.09084,0.00274,0.00274,0.00274
90,365.681,0.46737,0.3436,0.904,0.98148,0.91026,0.9627,0.75356,0.76682,0.43777,1.08808,0.0026575,0.0026575,0.0026575
91,369.44,0.47894,0.35372,0.92119,0.98604,0.90575,0.95888,0.75731,0.75793,0.43907,1.08464,0.002575,0.002575,0.002575
92,373.242,0.47057,0.36096,0.91675,0.9725,0.90687,0.96289,0.74765,0.76877,0.44209,1.08638,0.0024925,0.0024925,0.0024925
93,377.228,0.48229,0.35846,0.91582,0.97083,0.91026,0.95206,0.75993,0.76325,0.43358,1.0885,0.00241,0.00241,0.00241
94,381.252,0.44343,0.34137,0.88592,0.98304,0.91026,0.96095,0.75929,0.75027,0.42924,1.08553,0.0023275,0.0023275,0.0023275
95,385.305,0.46945,0.34646,0.90658,0.97985,0.91026,0.95485,0.75828,0.75372,0.43171,1.08459,0.002245,0.002245,0.002245
96,389.513,0.45437,0.33673,0.90008,0.98304,0.91026,0.94812,0.762,0.74948,0.43346,1.08051,0.0021625,0.0021625,0.0021625
97,393.604,0.45578,0.33801,0.90437,0.9841,0.91026,0.95783,0.77917,0.72616,0.43457,1.07249,0.00208,0.00208,0.00208
98,397.676,0.46758,0.34731,0.8843,0.98374,0.91026,0.95462,0.75908,0.74965,0.43112,1.08249,0.0019975,0.0019975,0.0019975
99,401.829,0.43143,0.33026,0.87952,0.98356,0.91026,0.95492,0.76693,0.75183,0.43289,1.08113,0.001915,0.001915,0.001915
100,405.875,0.45858,0.33564,0.90726,0.98607,0.90729,0.95774,0.77855,0.72742,0.43527,1.06521,0.0018325,0.0018325,0.0018325
101,409.995,0.42486,0.32505,0.88544,0.96975,0.91026,0.95927,0.77434,0.71798,0.42806,1.0614,0.00175,0.00175,0.00175
102,414.19,0.44841,0.33707,0.88825,0.97047,0.91026,0.95529,0.76398,0.73441,0.41596,1.06494,0.0016675,0.0016675,0.0016675
103,418.309,0.43892,0.33307,0.88731,0.97047,0.91026,0.95877,0.76056,0.74132,0.414,1.06467,0.001585,0.001585,0.001585
104,422.519,0.42953,0.32212,0.89209,0.95818,0.91026,0.95542,0.77231,0.76325,0.42813,1.07673,0.0015025,0.0015025,0.0015025
105,426.593,0.40941,0.31605,0.86935,0.95943,0.91026,0.95281,0.77282,0.74096,0.4142,1.06707,0.00142,0.00142,0.00142
106,430.892,0.42293,0.3086,0.89286,0.98589,0.89744,0.94923,0.75719,0.75944,0.42249,1.07316,0.0013375,0.0013375,0.0013375
107,435.046,0.42679,0.32179,0.88861,0.97251,0.90715,0.94935,0.76739,0.74049,0.41116,1.06654,0.001255,0.001255,0.001255
108,439.214,0.41757,0.3171,0.88676,0.96594,0.91026,0.94791,0.76867,0.73503,0.40303,1.07025,0.0011725,0.0011725,0.0011725
109,443.294,0.38892,0.29194,0.86626,0.96768,0.91026,0.94682,0.76616,0.74001,0.40222,1.07061,0.00109,0.00109,0.00109
110,447.367,0.40603,0.30231,0.86988,0.9717,0.91026,0.95285,0.76373,0.74881,0.39874,1.06889,0.0010075,0.0010075,0.0010075
111,463.686,0.3978,0.30334,0.85834,0.98604,0.90544,0.95217,0.75051,0.75656,0.40459,1.07414,0.000925,0.000925,0.000925
112,467.727,0.39335,0.29819,0.84072,0.98608,0.9082,0.95232,0.75249,0.74831,0.40608,1.07358,0.0008425,0.0008425,0.0008425
113,471.784,0.39123,0.2936,0.85713,0.98041,0.91026,0.95387,0.75699,0.74542,0.40466,1.07636,0.00076,0.00076,0.00076
114,475.723,0.37234,0.29182,0.82985,0.99967,0.89744,0.95795,0.75536,0.73698,0.39487,1.07135,0.0006775,0.0006775,0.0006775
115,479.533,0.35504,0.27766,0.82769,0.99812,0.91026,0.95844,0.75703,0.74024,0.39667,1.07866,0.000595,0.000595,0.000595
116,483.374,0.36082,0.27215,0.84361,0.9946,0.91026,0.96726,0.75718,0.74529,0.39942,1.08489,0.0005125,0.0005125,0.0005125
117,487.236,0.35942,0.28069,0.85318,0.9981,0.91026,0.96774,0.75707,0.74078,0.38966,1.07922,0.00043,0.00043,0.00043
118,490.968,0.34163,0.27678,0.8433,0.99908,0.91026,0.95989,0.76593,0.74228,0.38718,1.07896,0.0003475,0.0003475,0.0003475
119,494.734,0.35036,0.27363,0.85189,0.98237,0.91026,0.95825,0.76623,0.7439,0.39123,1.07611,0.000265,0.000265,0.000265
120,498.477,0.349,0.27144,0.82735,1,0.90677,0.95979,0.76676,0.7449,0.39118,1.07405,0.0001825,0.0001825,0.0001825
